Signup Date,Zip Out,Badge,Latitude,Longitude,Delivery 1,Delivery 2,Cancelled
2026-08-18,01056,S106,,,Yes,,
2026-08-19,01028,S102,,,Yes,,
2026-08-20,01056,S105,,,Yes,,
2026-08-20,01095,S104,,,Yes,,
2026-08-22,01001,S101,,,Yes,,
2026-08-22,01030,S108,,,Yes,,
2026-08-22,01089,S107,,,Yes,,
2026-08-23,01001,S101,,,Yes,,
2026-08-23,01129,S107,,,Yes,,
2026-08-24,01013,S109,,,Yes,,
2026-08-25,01056,S107,,,Yes,,
2026-08-25,01108,S109,,,Yes,,
2026-08-26,01028,S107,,,Yes,,
2026-08-26,01108,S103,,,Yes,,
2026-08-27,01056,S108,,,Yes,,
2026-08-31,01013,S103,,,Yes,,Yes
2026-08-31,01108,S101,,,Yes,,
2026-09-02,01108,S103,,,Yes,,
2026-09-04,01013,S109,,,Yes,,
2026-09-04,01056,S106,,,Yes,,
2026-09-06,01001,S107,,,Yes,,
2026-09-07,01028,S105,,,Yes,,
2026-09-07,01030,S108,,,Yes,,
2026-09-09,01013,S102,,,Yes,,
2026-09-09,01020,S103,,,Yes,,
2026-09-11,01056,S108,,,Yes,,
2026-09-11,01129,S107,,,Yes,,
2026-09-12,01108,S106,,,Yes,,
2026-09-13,01001,S104,,,Yes,,
2026-09-13,01089,S105,,,Yes,,
2026-09-14,01095,S106,,,Yes,,
2026-09-15,01129,S109,,,Yes,,
2026-09-17,01020,S107,,,Yes,,
2026-09-17,01108,S103,,,Yes,,
2026-09-18,01001,S102,,,Yes,,
2026-09-18,01028,S106,,,Yes,,
2026-09-21,01089,S103,,,Yes,,
2026-09-22,01001,S101,,,Yes,,
2026-09-22,01001,S104,,,Yes,,
2026-09-22,01013,S104,,,Yes,,Yes
2026-09-22,01028,S108,,,Yes,,
2026-09-23,01030,S102,,,Yes,,
2026-09-24,01028,S102,,,Yes,,
2026-09-25,01129,S101,,,,,
2026-09-26,01001,S101,,,,,
2026-09-27,01001,S109,,,,,Yes
2026-09-29,01013,S104,,,,,
2026-09-29,01089,S104,,,,,
2026-09-30,01020,S102,,,,,
2026-09-30,01056,S101,,,,,
2026-10-01,01089,S106,,,,,
2026-10-02,01056,S108,,,,,
2026-10-04,01028,S106,,,,,
2026-10-05,01020,S108,,,,,
